accuracy,f1,precision
0.9741040045663473,0.765356847987478,0.7773661502022543
